{
    "access_manager": {
        "current_user": "0",
        "developers": {},
        "last_origin": "plugin.video.youtube",
        "users": {
            "0": {
                "access_token": "ya29.A0ARrdaM8VvVzpVGnsVjejpUuVSbLqHM3ufhOztPeBaG2HoblJ3pviGLeii1DWHKuKKbRDKI6tKf6kUZnaA1M9RJ3lCKLkUcNN14VbozDrC7HK5xL7lYD-M_9zYIHcXlxAFcThhmNMhNhZnasokLG82VFVVbvwq4BgrBu6ciYBq0I|ya29.A0ARrdaM8Ze7LTCmK67GzEZFu9Loqkuv24RdHzLnmFNRBtAE6ozXCrxGD_5T-HDYcdrDcGwf8R3vWWuoNcBC0zDTvDwLKsP90KiSpTUMgzL6vCAXtTmH8wAlcMwsVD5n_N47OyFmRrU5qEpX3QJeLupRfN2toKog",
                "id": "c8043fe1781743bd949d00627a3cbd0a",
                "last_key_hash": "b87836441c5c4f295bc8638c0479a43c",
                "name": "Default",
                "refresh_token": "1//09_soRixlcuLiCgYIARAAGAkSNwF-L9IrejzkBD_8EYjA0D6zU9SWEZ4Ns6Y_iaWxVWUXcr6IRbJtfsRmhuUr2LTHQD8xR0_GXqI|1//09YA-AYxW49ROCgYIARAAGAkSNwF-L9Irg9SNn-kh9vPFJTxXmOEzhPj7yNLcpLjYc63CzS2ANNDMuAcdAPRmPuqo1miZw7VjRKo",
                "token_expires": 1645286193,
                "watch_history": "HL",
                "watch_later": ""
            }
        }
    }
}