<shortcuts>
	<shortcut>
		<defaultID />
		<label>Favoris</label>
		<label2>Extensions Vidéo</label2>
		<icon>DefaultShortcut.png</icon>
		<thumb>special://skin/extras/icons/favourites.png</thumb>
		<action>ActivateWindow(Videos,"plugin://plugin.video.catchuptvandmore/resources/lib/main/favourites/?_pickle_=8004953c000000000000007d94288c075f7469746c655f948c074661766f726973948c08786d6c74765f6964944e8c076974656d5f6964948c0a6661766f75726974657394752e",return)</action>
		</shortcut>
	<shortcut>
		<defaultID />
		<label>TV Direct</label>
		<label2>Extensions Vidéo</label2>
		<icon>DefaultShortcut.png</icon>
		<thumb>special://skin/extras/icons/_ tnt (us).png</thumb>
		<action>ActivateWindow(Videos,"plugin://plugin.video.catchuptvandmore/resources/lib/main/tv_guide_menu/?_pickle_=80049538000000000000007d94288c075f7469746c655f948c064672616e6365948c08786d6c74765f6964944e8c076974656d5f6964948c0766725f6c69766594752e",return)</action>
		</shortcut>
	<shortcut>
		<defaultID />
		<label>Replay TV</label>
		<label2>Extensions Vidéo</label2>
		<icon>DefaultShortcut.png</icon>
		<thumb>special://skin/extras/icons/play2.png</thumb>
		<action>ActivateWindow(Videos,"plugin://plugin.video.catchuptvandmore/resources/lib/main/generic_menu/?_pickle_=8004953a000000000000007d94288c075f7469746c655f948c064672616e6365948c08786d6c74765f6964944e8c076974656d5f6964948c0966725f7265706c617994752e",return)</action>
		</shortcut>
	<shortcut>
		<defaultID />
		<label>MYTF1</label>
		<label2>Extensions Vidéo</label2>
		<icon>DefaultShortcut.png</icon>
		<thumb>special://skin/extras/icons/_ tf1.png</thumb>
		<action>ActivateWindow(Videos,"plugin://plugin.video.catchuptvandmore/resources/lib/channels/fr/mytf1/mytf1_root/?_pickle_=80049535000000000000007d94288c075f7469746c655f948c054d59544631948c08786d6c74765f6964944e8c076974656d5f6964948c056d7974663194752e",return)</action>
		</shortcut>
	<shortcut>
		<defaultID />
		<label>france.tv</label>
		<label2>Extensions Vidéo</label2>
		<icon>DefaultShortcut.png</icon>
		<thumb>special://skin/extras/icons/_ france.tv.png</thumb>
		<action>ActivateWindow(Videos,"plugin://plugin.video.catchuptvandmore/resources/lib/channels/fr/francetv/francetv_root/?_pickle_=8004953c000000000000007d94288c075f7469746c655f948c096672616e63652e7476948c08786d6c74765f6964944e8c076974656d5f6964948c086672616e6365747694752e",return)</action>
		</shortcut>
	<shortcut>
		<defaultID />
		<label>6play</label>
		<label2>Extensions Vidéo</label2>
		<icon>DefaultShortcut.png</icon>
		<thumb>special://skin/extras/icons/_ m6.png</thumb>
		<action>ActivateWindow(Videos,"plugin://plugin.video.catchuptvandmore/resources/lib/channels/fr/6play/sixplay_root/?_pickle_=8004952f000000000000007d94288c075f7469746c655f948c0536706c6179948c08786d6c74765f6964944e8c076974656d5f6964946802752e",return)</action>
		</shortcut>
	<shortcut>
		<defaultID />
		<label>NRJ Play</label>
		<label2>Extensions Vidéo</label2>
		<icon>DefaultShortcut.png</icon>
		<thumb>special://skin/extras/icons/_ nrj12.png</thumb>
		<action>ActivateWindow(Videos,"plugin://plugin.video.catchuptvandmore/resources/lib/channels/fr/nrj/nrjplay_root/?_pickle_=8004953a000000000000007d94288c075f7469746c655f948c084e524a20506c6179948c08786d6c74765f6964944e8c076974656d5f6964948c076e726a706c617994752e",return)</action>
		</shortcut>
	</shortcuts>
