<favourites>
    <favourite name="Mediatheque HK" thumb="special://home/addons/plugin.video.sendtokodiU2P/resources/png/movies.png">ActivateWindow(10025,&quot;plugin://plugin.video.sendtokodiU2P/?action=movies&quot;,return)</favourite>
    <favourite name="SandSand" thumb="C:\Users\pinto\AppData\Roaming\Kodi\addons\plugin.video.sendtokodiU2P\resources\png\profil.png">ActivateWindow(10025,&quot;plugin://plugin.video.sendtokodiU2P/?action=actifP&amp;passwd=Pint0AndC0&quot;,return)</favourite>
    <favourite name="P0ussin" thumb="C:\Users\pinto\AppData\Roaming\Kodi\addons\plugin.video.sendtokodiU2P\resources\png\profil.png">ActivateWindow(10025,&quot;plugin://plugin.video.sendtokodiU2P/?action=actifP&amp;passwd=PiouPiou&quot;,return)</favourite>
    <favourite name="Kidz" thumb="C:\Users\pinto\AppData\Roaming\Kodi\addons\plugin.video.sendtokodiU2P\resources\png\profil.png">ActivateWindow(10025,&quot;plugin://plugin.video.sendtokodiU2P/?action=actifP&amp;passwd=Kdz4U&quot;,return)</favourite>
</favourites>
