<shortcuts>
	<shortcut>
		<defaultID>31209</defaultID>
		<label>Derniers Ajouts</label>
		<label2>Elément personnalisé</label2>
		<icon>special://skin/extras/icons/recentlyadded.png</icon>
		<thumb />
		<action>C:\Users\pinto\AppData\Roaming\Kodi\addons\skin.cosmic\playlists\new_movies.xsp</action>
		</shortcut>
	<shortcut>
		<defaultID>31210</defaultID>
		<label>Derniers lus</label>
		<label2>Elément personnalisé</label2>
		<icon>special://skin/extras/icons/recent.png</icon>
		<thumb />
		<action>C:\Users\pinto\AppData\Roaming\Kodi\addons\skin.cosmic\playlists\recent_movies.xsp</action>
		</shortcut>
	<shortcut>
		<defaultID>31212</defaultID>
		<label>En cours</label>
		<label2>Elément personnalisé</label2>
		<icon>special://skin/extras/icons/timer.png</icon>
		<thumb />
		<action>C:\Users\pinto\AppData\Roaming\Kodi\addons\skin.cosmic\playlists\inprogress_movies.xsp</action>
		</shortcut>
	</shortcuts>
