<shortcuts>
	<shortcut>
		<defaultID>1037</defaultID>
		<label>1037</label>
		<label2>Vidéos</label2>
		<icon>special://skin/extras/icons/video-addons.png</icon>
		<thumb />
		<action>ActivateWindow(Videos,Addons,return)</action>
		</shortcut>
	<shortcut>
		<defaultID>programs</defaultID>
		<label>10001</label>
		<label2>Programmes</label2>
		<icon>special://skin/extras/icons/addons.png</icon>
		<thumb />
		<action>ActivateWindow(Programs,Addons,return)</action>
		</shortcut>
	</shortcuts>
