<shortcuts>
	<shortcut>
		<defaultID>31209</defaultID>
		<label>$SKIN[31209|skin.cosmic|None]</label>
		<label2 />
		<icon>special://skin/extras/icons/recentlyadded.png</icon>
		<thumb />
		<action>special://skin/playlists/new_movies.xsp</action>
		</shortcut>
	<shortcut>
		<defaultID>31212</defaultID>
		<label>En cours</label>
		<label2>Elément personnalisé</label2>
		<icon>special://skin/extras/icons/timer.png</icon>
		<thumb />
		<action>/storage/emulated/0/Android/data/org.xbmc.kodi/files/.kodi/addons/skin.cosmic/playlists/inprogress_movies.xsp</action>
		</shortcut>
	<shortcut>
		<defaultID>31210</defaultID>
		<label>Derniers vus</label>
		<label2>Elément personnalisé</label2>
		<icon>special://skin/extras/icons/recent.png</icon>
		<thumb />
		<action>/storage/emulated/0/Android/data/org.xbmc.kodi/files/.kodi/addons/skin.cosmic/playlists/recent_movies.xsp</action>
		</shortcut>
	</shortcuts>
