<shortcuts>
	<shortcut>
		<defaultID>137</defaultID>
		<label>Rechercher</label>
		<label2>Common Shortcut</label2>
		<icon>special://skin/extras/icons/search.png</icon>
		<thumb>special://skin/extras/icons/search.png</thumb>
		<action>Skin.SetString(SearchTerm)</action>
		</shortcut>
	<shortcut>
		<defaultID />
		<label>Genres</label>
		<label2>Vidéos</label2>
		<icon>DefaultShortcut.png</icon>
		<thumb>special://skin/extras/icons/genre.png</thumb>
		<action>ActivateWindow(Videos,"library://video/tvshows/genres.xml/",return)</action>
		</shortcut>
	<shortcut>
		<defaultID>netflix</defaultID>
		<label>Netflix</label>
		<label2 />
		<icon>special://skin/extras/icons/folder.png</icon>
		<thumb>special://skin/extras/icons/netflix2.png</thumb>
		<action>ActivateWindow(Videos,videodb://tvshows/studios/9113/,return)</action>
		</shortcut>
	<shortcut>
		<defaultID>prime</defaultID>
		<label>Prime</label>
		<label2>Elément personnalisé</label2>
		<icon>special://skin/extras/icons/folder.png</icon>
		<thumb>special://skin/extras/icons/prime.png</thumb>
		<action>ActivateWindow(Videos,videodb://tvshows/studios/9131/,return)</action>
		</shortcut>
	<shortcut>
		<defaultID>disney</defaultID>
		<label>Canal+</label>
		<label2>Elément personnalisé</label2>
		<icon>special://skin/extras/icons/folder.png</icon>
		<thumb>special://skin/extras/icons/play.png</thumb>
		<action>ActivateWindow(Videos,videodb://tvshows/studios/358/,return)</action>
		</shortcut>
	</shortcuts>
