<shortcuts>
	<shortcut>
		<defaultID />
		<label>Recherche</label>
		<label2>Extensions Vidéo</label2>
		<icon>DefaultShortcut.png</icon>
		<thumb>special://skin/extras/icons/search.png</thumb>
		<action>ActivateWindow(Videos,"plugin://plugin.video.sendtokodiU2P/?action=MenuFilm&amp;famille=Search&amp;offset=0&amp;limit=500",return)</action>
		</shortcut>
	<shortcut>
		<defaultID />
		<label>Favoris</label>
		<label2>Extensions Vidéo</label2>
		<icon>DefaultShortcut.png</icon>
		<thumb>special://skin/extras/icons/favourites.png</thumb>
		<action>ActivateWindow(Videos,"plugin://plugin.video.sendtokodiU2P/?action=MenuFilm&amp;famille=Fav%27S+HK",return)</action>
		</shortcut>
	<shortcut>
		<defaultID />
		<label>En Cours</label>
		<label2>Extensions Vidéo</label2>
		<icon>DefaultShortcut.png</icon>
		<thumb>special://skin/extras/icons/recent.png</thumb>
		<action>ActivateWindow(Videos,"plugin://plugin.video.sendtokodiU2P/?action=MenuFilm&amp;famille=Last+View",return)</action>
		</shortcut>
	<shortcut>
		<defaultID />
		<label>Sagas</label>
		<label2>Extensions Vidéo</label2>
		<icon>DefaultShortcut.png</icon>
		<thumb>special://skin/extras/icons/network.png</thumb>
		<action>ActivateWindow(Videos,"plugin://plugin.video.sendtokodiU2P/?action=MenuFilm&amp;famille=Saga",return)</action>
		</shortcut>
	<shortcut>
		<defaultID />
		<label>Tendances du jour</label>
		<label2>Extensions Vidéo</label2>
		<icon>DefaultShortcut.png</icon>
		<thumb>special://skin/extras/icons/calendar2.png</thumb>
		<action>ActivateWindow(Videos,"plugin://plugin.video.sendtokodiU2P/?action=MenuFilm&amp;trakt=Tendances+du+jour",return)</action>
		</shortcut>
	<shortcut>
		<defaultID />
		<label>Films français récents</label>
		<label2>Extensions Vidéo</label2>
		<icon>DefaultShortcut.png</icon>
		<thumb>special://skin/extras/icons/videoplay.png</thumb>
		<action>ActivateWindow(Videos,"plugin://plugin.video.sendtokodiU2P/?action=MenuFilm&amp;trakt=Films+fran%C3%A7ais+r%C3%A9cents",return)</action>
		</shortcut>
	<shortcut>
		<defaultID />
		<label>Sélections de la communauté</label>
		<label2>Extensions Vidéo</label2>
		<icon>DefaultShortcut.png</icon>
		<thumb>special://skin/extras/icons/thumb-up.png</thumb>
		<action>ActivateWindow(Videos,"plugin://plugin.video.sendtokodiU2P/?action=MenuFilm&amp;groupe=S%C3%A9lections+de+la+communaut%C3%A9",return)</action>
		</shortcut>
	<shortcut>
		<defaultID />
		<label>Best TMDB-TRAKT</label>
		<label2>Extensions Vidéo</label2>
		<icon>DefaultShortcut.png</icon>
		<thumb>special://skin/extras/icons/ribbon.png</thumb>
		<action>ActivateWindow(Videos,"plugin://plugin.video.sendtokodiU2P/?action=MenuFilm&amp;famille=%23Best+TMDB-TRAKT",return)</action>
		</shortcut>
	<shortcut>
		<defaultID />
		<label>Listes en tous genres</label>
		<label2>Extensions Vidéo</label2>
		<icon>DefaultShortcut.png</icon>
		<thumb>special://skin/extras/icons/playlist.png</thumb>
		<action>ActivateWindow(Videos,"plugin://plugin.video.sendtokodiU2P/?action=MenuFilm&amp;groupe=Listes+en+tous+genres",return)</action>
		</shortcut>
	<shortcut>
		<defaultID />
		<label>Listes Diverses</label>
		<label2>Extensions Vidéo</label2>
		<icon>DefaultShortcut.png</icon>
		<thumb>special://skin/extras/icons/playlist2.png</thumb>
		<action>ActivateWindow(Videos,"plugin://plugin.video.sendtokodiU2P/?action=MenuFilm&amp;famille=Groupes+Contrib",return)</action>
		</shortcut>
	<shortcut>
		<defaultID />
		<label>Choix Films</label>
		<label2>Extensions Vidéo</label2>
		<icon>DefaultShortcut.png</icon>
		<thumb>special://skin/extras/icons/info.png</thumb>
		<action>ActivateWindow(Videos,"plugin://plugin.video.sendtokodiU2P/?action=movies",return)</action>
		</shortcut>
	</shortcuts>
