{
    "access_manager": {
        "current_user": "0",
        "developers": {},
        "last_origin": "plugin.video.youtube",
        "users": {
            "0": {
                "access_token": "ya29.A0ARrdaM8vDTOONpVXI5j8RLNqodRrzXN2Cn4j5jU7_dDSn6YM-fnBHMWajbP4lQCb4qYL6dFEP3eN0Y1ApqdastCu9EzrhKQ6IBVNas6qsGUtaCeAY9sZn2Op5sSHcSJjTRwAQxjaYhpuP1uyyDiW6CxhPak4i5VNAd1WHumkJTs|ya29.A0ARrdaM_USeYj6IemiNrslT1YSkf0hGMRvc49UqTWkQBRHzTs0um8rC1g9fPlVRXpZaRSYjq79u8LcBVePDq_QiJsE5jvEg_zi1TN7ZnSacUYyA4H8N0kIsKv6LhR5uT3mLMrWlCeZRTpKes_G8kBjwX2fle2Hw",
                "id": "c8043fe1781743bd949d00627a3cbd0a",
                "last_key_hash": "b87836441c5c4f295bc8638c0479a43c",
                "name": "Default",
                "refresh_token": "1//09_soRixlcuLiCgYIARAAGAkSNwF-L9IrejzkBD_8EYjA0D6zU9SWEZ4Ns6Y_iaWxVWUXcr6IRbJtfsRmhuUr2LTHQD8xR0_GXqI|1//09YA-AYxW49ROCgYIARAAGAkSNwF-L9Irg9SNn-kh9vPFJTxXmOEzhPj7yNLcpLjYc63CzS2ANNDMuAcdAPRmPuqo1miZw7VjRKo",
                "token_expires": 1645316200,
                "watch_history": "HL",
                "watch_later": ""
            }
        }
    }
}