{
    "access_manager": {
        "current_user": "0",
        "developers": {},
        "last_origin": "plugin.video.youtube",
        "users": {
            "0": {
                "access_token": "ya29.A0ARrdaM9yRRQa-gJyjQE_ykDKM73ZspU-RGAWC5wPgDoYHHxcnArjzkO3WGXpcNKmeuJdJKqtfMDpx6VoCO0B9BIIEHlBl1Hz4w_e-p9WkRm-WJS5MPjFibaxL0bZBwthXW_0G9IjftCNMgO8E8TFjz9zH_VSfS7hY45VVvM2fbk|ya29.A0ARrdaM9lnzAh0JhUs0AaYIsz6nGCpv9Qb_2M6_HjHr5ZgtX7EuXuJehaT_WZhQz8P8TC0zDTc4sV9Hr0cApjsV0kK8jML4Y51oBtI9QyLKpptrmqeus4So3bCA5L_eOrSyOiHB_dTohvyOeCl6REEkbOIjf7",
                "id": "c8043fe1781743bd949d00627a3cbd0a",
                "last_key_hash": "b87836441c5c4f295bc8638c0479a43c",
                "name": "Default",
                "refresh_token": "1//09_soRixlcuLiCgYIARAAGAkSNwF-L9IrejzkBD_8EYjA0D6zU9SWEZ4Ns6Y_iaWxVWUXcr6IRbJtfsRmhuUr2LTHQD8xR0_GXqI|1//09YA-AYxW49ROCgYIARAAGAkSNwF-L9Irg9SNn-kh9vPFJTxXmOEzhPj7yNLcpLjYc63CzS2ANNDMuAcdAPRmPuqo1miZw7VjRKo",
                "token_expires": 1643642238,
                "watch_history": "HL",
                "watch_later": ""
            }
        }
    }
}